<?xml version="1.0"?>
<doc>
    <assembly>
        <name>AWSSDK.MobileAnalytics</name>
    </assembly>
    <members>
        <member name="T:Amazon.MobileAnalytics.MobileAnalyticsManager.MobileAnalyticsManagerConfig">
            <summary>
            Represents configuration for Mobile Analytics Manager.
            </summary>
        </member>
        <member name="M:Amazon.MobileAnalytics.MobileAnalyticsManager.MobileAnalyticsManagerConfig.#ctor">
            <summary>
            Constructor of <see cref="T:Amazon.MobileAnalytics.MobileAnalyticsManager.MobileAnalyticsManagerConfig"/>
            </summary>
        </member>
        <member name="P:Amazon.MobileAnalytics.MobileAnalyticsManager.MobileAnalyticsManagerConfig.ClientContextConfiguration">
            <summary>
            Client Context Configuration . <see cref="T:Amazon.Runtime.Internal.ClientContextConfig"/>
            </summary>
        </member>
        <member name="P:Amazon.MobileAnalytics.MobileAnalyticsManager.MobileAnalyticsManagerConfig.SessionTimeout">
            <summary>
            If the app stays in background for a time greater than the SessionTimeout then Mobile Analytics client stops old session and 
            creates a new session once app comes back to foreground.
            We recommend using values ranging from 5 to 10, 
            </summary>
            <value>Default 5 seconds</value>
        </member>
        <member name="P:Amazon.MobileAnalytics.MobileAnalyticsManager.MobileAnalyticsManagerConfig.MaxDBSize">
            <summary>
            Gets the max size of the database used for local storage of events. Event Storage will ignore new 
            events if the size of database exceed this size. Value is in Bytes.
            We recommend using values ranging from 1MB to 10MB
            </summary>
            <value>Default 5MB</value>
        </member>
        <member name="P:Amazon.MobileAnalytics.MobileAnalyticsManager.MobileAnalyticsManagerConfig.DBWarningThreshold">
            <summary>
            The Warning threshold. The values range between 0 - 1. If the values exceed beyond the threshold then the
            Warning logs will be generated.
            </summary>
            <value>Default 0.9</value>
        </member>
        <member name="P:Amazon.MobileAnalytics.MobileAnalyticsManager.MobileAnalyticsManagerConfig.MaxRequestSize">
            <summary>
            The maximum size of the requests that can be submitted in every service call. Value can range between
            1-512KB (expressed in long). Value is in Bytes. Attention: Do not use value larger than 512KB. May cause
            service to reject your Http request.
            </summary>
            <value>Default 100KB</value>
        </member>
        <member name="P:Amazon.MobileAnalytics.MobileAnalyticsManager.MobileAnalyticsManagerConfig.AllowUseDataNetwork">
            <summary>
            A value indicating whether service call is allowed over data network
            Setting this property to true may increase customer's data usage.
            </summary>
            <value>Default false</value>
        </member>
        <member name="T:Amazon.MobileAnalytics.MobileAnalyticsManager.Internal.BackgroundRunner">
            <summary>
            Amazon Mobile Analytics background runner.
            Background runner periodically calls delivery client to send events to server.
            </summary>
            <summary>
            Amazon Mobile Analytics background runner.
            Background runner periodically calls delivery client to send events to server.
            </summary>
        </member>
        <member name="M:Amazon.MobileAnalytics.MobileAnalyticsManager.Internal.BackgroundRunner.StartWork">
            <summary>
            Starts the Mobile Analytics Manager background thread.
            </summary>
        </member>
        <member name="T:Amazon.MobileAnalytics.MobileAnalyticsManager.Internal.Constants">
            <summary>
            Objects that represnets constants used in Mobile Analytics
            </summary>
        </member>
        <member name="T:Amazon.MobileAnalytics.MobileAnalyticsManager.Internal.DeliveryClient">
            <summary>
            Delivery client periodically sends events in local persistent storage to Mobile Analytics server.
            Once the events is delivered successfully, those events would be deleted from local storage.
            </summary>
            <summary>
            Delivery client periodically sends events in local persistent storage to Mobile Analytics server.
            Once the events is delivered successfully, those events would be deleted from local storage.
            </summary>
        </member>
        <member name="M:Amazon.MobileAnalytics.MobileAnalyticsManager.Internal.DeliveryClient.#ctor(Amazon.MobileAnalytics.MobileAnalyticsManager.MobileAnalyticsManagerConfig,Amazon.Runtime.Internal.ClientContext,Amazon.Runtime.AWSCredentials,Amazon.RegionEndpoint,Amazon.MobileAnalytics.MobileAnalyticsManager.MobileAnalyticsManager)">
            <summary>
            Constructor of <see cref="T:Amazon.MobileAnalytics.MobileAnalyticsManager.Internal.DeliveryClient"/> class.
            </summary>
            <param name="maConfig">Mobile Analytics Manager configuration. <see cref="T:Amazon.MobileAnalytics.MobileAnalyticsManager.MobileAnalyticsManagerConfig"/></param>
            <param name="clientContext">An instance of ClientContext. <see cref="T:Amazon.Runtime.Internal.ClientContext"/></param>
            <param name="credentials">An instance of Credentials. <see cref="T:Amazon.Runtime.AWSCredentials"/></param>
            <param name="regionEndPoint">Region endpoint. <see cref="T:Amazon.RegionEndpoint"/></param>
            <param name="maManager">Mobile Analytics Manager instance. <see cref="T:Amazon.MobileAnalytics.MobileAnalyticsManager.MobileAnalyticsManager"/></param>
        </member>
        <member name="M:Amazon.MobileAnalytics.MobileAnalyticsManager.Internal.DeliveryClient.EnqueueEventsForDelivery(Amazon.MobileAnalytics.Model.Event)">
            <summary>
            Enqueues the events for delivery. The event is stored in an instance of <see cref="T:Amazon.MobileAnalytics.MobileAnalyticsManager.Internal.IEventStore"/>.
            </summary>
            <param name="eventObject">Event object.<see cref="T:Amazon.MobileAnalytics.Model.Event"/></param>
        </member>
        <member name="M:Amazon.MobileAnalytics.MobileAnalyticsManager.Internal.DeliveryClient.AttemptDeliveryAsync">
            <summary>
            Attempts the delivery. 
            Delivery will fail if any of the policies IsAllowed() returns false.
            The delivery are attmpted in batches of fixed size. To increase or decrease the size,
            you can override MaxRequestSize in MobileAnalyticsManagerConfig.<see cref="T:Amazon.MobileAnalytics.MobileAnalyticsManager.MobileAnalyticsManagerConfig"/>
            </summary>
        </member>
        <member name="M:Amazon.MobileAnalytics.MobileAnalyticsManager.Internal.DeliveryClient.SubmitEvents(System.Collections.Generic.List{System.String},System.Collections.Generic.List{Amazon.MobileAnalytics.Model.Event})">
            <summary>
            Submits a single batch of events to the service.
            </summary>
            <param name="rowIds">Row identifiers. The list of rowId, that is unique identifier of each event.</param>
            <param name="eventList">The list of events that need to be submitted.</param>
        </member>
        <member name="M:Amazon.MobileAnalytics.MobileAnalyticsManager.Internal.DeliveryClient.#ctor(Amazon.MobileAnalytics.MobileAnalyticsManager.Internal.IDeliveryPolicyFactory,Amazon.MobileAnalytics.MobileAnalyticsManager.MobileAnalyticsManagerConfig,Amazon.Runtime.Internal.ClientContext,Amazon.Runtime.AWSCredentials,Amazon.RegionEndpoint,Amazon.MobileAnalytics.MobileAnalyticsManager.MobileAnalyticsManager)">
            <summary>
            Constructor of <see cref="T:Amazon.MobileAnalytics.MobileAnalyticsManager.Internal.DeliveryClient"/> class.
            </summary>
            <param name="policyFactory">An instance of IDeliveryPolicyFactory. <see cref="T:Amazon.MobileAnalytics.MobileAnalyticsManager.Internal.IDeliveryPolicyFactory"/></param>
            <param name="maConfig">Mobile Analytics Manager configuration. <see cref="T:Amazon.MobileAnalytics.MobileAnalyticsManager.MobileAnalyticsManagerConfig"/></param>
            <param name="clientContext">An instance of ClientContext. <see cref="T:Amazon.Runtime.Internal.ClientContext"/></param>
            <param name="credentials">An instance of Credentials. <see cref="T:Amazon.Runtime.AWSCredentials"/></param>
            <param name="regionEndPoint">Region endpoint. <see cref="T:Amazon.RegionEndpoint"/></param>
            <param name="maManager">Mobile Analytics Manager instance. <see cref="T:Amazon.MobileAnalytics.MobileAnalyticsManager.MobileAnalyticsManager"/></param>
        </member>
        <member name="T:Amazon.MobileAnalytics.MobileAnalyticsManager.Internal.EventStoreException">
            <summary>
            Exception thrown by the SDK for errors that occur within the Mobile Analytics event store.
            </summary>
        </member>
        <member name="M:Amazon.MobileAnalytics.MobileAnalyticsManager.Internal.EventStoreException.#ctor(System.String)">
            <summary>
            Constructor of <see cref="T:Amazon.MobileAnalytics.MobileAnalyticsManager.Internal.EventStoreException"/>
            </summary>
            <param name="message">Exception message.</param>
        </member>
        <member name="M:Amazon.MobileAnalytics.MobileAnalyticsManager.Internal.EventStoreException.#ctor(System.String,System.Exception)">
            <summary>
            Constructor of <see cref="T:Amazon.MobileAnalytics.MobileAnalyticsManager.Internal.EventStoreException"/>
            </summary>
            <param name="message">Exception message.</param>
            <param name="innerException">Inner exception.</param>
        </member>
        <member name="T:Amazon.MobileAnalytics.MobileAnalyticsManager.Internal.IDeliveryClient">
            <summary>
            The interface for delivery client.
            </summary>
            <summary>
            The interface for delivery client.
            </summary>
        </member>
        <member name="M:Amazon.MobileAnalytics.MobileAnalyticsManager.Internal.IDeliveryClient.EnqueueEventsForDelivery(Amazon.MobileAnalytics.Model.Event)">
            <summary>
            Enqueues the events for delivery. The event is stored in an <see cref="T:Amazon.MobileAnalytics.MobileAnalyticsManager.Internal.IEventStore"/>.
            </summary>
            <param name="eventObject">Event object. <see cref="T:Amazon.MobileAnalytics.Model.Event"/></param>
        </member>
        <member name="M:Amazon.MobileAnalytics.MobileAnalyticsManager.Internal.IDeliveryClient.AttemptDeliveryAsync">
            <summary>
            Attempts the delivery of events from local store to service.
            </summary>
        </member>
        <member name="T:Amazon.MobileAnalytics.MobileAnalyticsManager.Internal.IEventStore">
            <summary>
            The interface for managing events storage.
            </summary>
        </member>
        <member name="M:Amazon.MobileAnalytics.MobileAnalyticsManager.Internal.IEventStore.PutEvent(System.String,System.String)">
            <summary>
            Add an event to the store.
            </summary>
            <param name="value">Amazon Mobile Analytics event in string.</param>
            <param name="appId">Amazon Mobile Analytics App ID.</param>
            <returns><c>true</c>, if event was put, <c>false</c> otherwise.</returns>
        </member>
        <member name="M:Amazon.MobileAnalytics.MobileAnalyticsManager.Internal.IEventStore.GetEvents(System.String,System.Int32)">
            <summary>
            Get events from the Event Store
            </summary>
            <param name="appid">Amazon Mobile Analytics App Id.</param>
            <param name="maxAllowed">Max number of events is allowed to return.</param>
            <returns>The events as a List of <see cref="T:ThirdParty.Json.LitJson.JsonData"/>.</returns>
        </member>
        <member name="M:Amazon.MobileAnalytics.MobileAnalyticsManager.Internal.IEventStore.DeleteEvent(System.Collections.Generic.List{System.String})">
            <summary>
            Deletes a list of events.
            </summary>
            <param name="rowIds">List of row identifiers.</param>
            <returns><c>true</c>, if events was deleted, <c>false</c> otherwise.</returns>
        </member>
        <member name="M:Amazon.MobileAnalytics.MobileAnalyticsManager.Internal.IEventStore.NumberOfEvents(System.String)">
            <summary>
            Gets Numbers the of events.
            </summary>
            <param name="appId">Amazon Mobile Analytics App Identifier.</param>
            <returns>The number of events.</returns>
        </member>
        <member name="P:Amazon.MobileAnalytics.MobileAnalyticsManager.Internal.IEventStore.DatabaseSize">
            <summary>
            Gets the size of the database.
            </summary>
            <returns>The database size.</returns>
        </member>
        <member name="T:Amazon.MobileAnalytics.MobileAnalyticsManager.Internal.SQLiteEventStore">
            <summary>
            Implementation of <see cref="T:Amazon.MobileAnalytics.MobileAnalyticsManager.Internal.IEventStore"/>.
            The object stores Mobile Analytic events in SQLite database.
            </summary>
            <summary>
            Implementation of <see cref="T:Amazon.MobileAnalytics.MobileAnalyticsManager.Internal.IEventStore"/>.
            The object stores Mobile Analytic events in SQLite database.
            </summary>
        </member>
        <member name="M:Amazon.MobileAnalytics.MobileAnalyticsManager.Internal.SQLiteEventStore.#ctor(Amazon.MobileAnalytics.MobileAnalyticsManager.MobileAnalyticsManagerConfig)">
            <summary>
            Constructor of <see cref="T:Amazon.MobileAnalytics.MobileAnalyticsManager.Internal.SQLiteEventStore"/>
            </summary>
            <param name="maConfig">Mobile Analytics Manager Configuration.</param>
        </member>
        <member name="P:Amazon.MobileAnalytics.MobileAnalyticsManager.Internal.SQLiteEventStore.DBfileFullPath">
            <summary>
            Get the SQLite Event Store's database file full path.
            </summary>
            <returns> The database file full path. </returns>
        </member>
        <member name="M:Amazon.MobileAnalytics.MobileAnalyticsManager.Internal.SQLiteEventStore.SetupSQLiteEventStore">
            <summary>
            Sets up SQLite database.
            </summary>
        </member>
        <member name="M:Amazon.MobileAnalytics.MobileAnalyticsManager.Internal.SQLiteEventStore.PutEvent(System.String,System.String)">
            <summary>
            Add an event to the store.
            </summary>
            <param name="eventString">Amazon Mobile Analytics event in string.</param>
            <param name="appID">Amazon Mobile Analytics App ID.</param>
        </member>
        <member name="M:Amazon.MobileAnalytics.MobileAnalyticsManager.Internal.SQLiteEventStore.DeleteEvent(System.Collections.Generic.List{System.String})">
            <summary>
            Deletes a list of events.
            </summary>
            <param name="rowIds">List of row identifiers.</param>
        </member>
        <member name="M:Amazon.MobileAnalytics.MobileAnalyticsManager.Internal.SQLiteEventStore.GetEvents(System.String,System.Int32)">
            <summary>
            Get events from the Event Store
            </summary>
            <param name="appID">Amazon Mobile Analytics App Id.</param>
            <param name="maxAllowed">Max number of events is allowed to return.</param>
            <returns>The events as a List of <see cref="T:ThirdParty.Json.LitJson.JsonData"/>.</returns>
        </member>
        <member name="M:Amazon.MobileAnalytics.MobileAnalyticsManager.Internal.SQLiteEventStore.NumberOfEvents(System.String)">
            <summary>
            Gets Numbers the of events.
            </summary>
            <param name="appID">Amazon Mobile Analytics App Identifier.</param>
            <returns>The number of events.</returns>
        </member>
        <member name="P:Amazon.MobileAnalytics.MobileAnalyticsManager.Internal.SQLiteEventStore.DatabaseSize">
            <summary>
            Gets the size of the database.
            </summary>
            <returns>The database size.</returns>
        </member>
        <member name="T:Amazon.MobileAnalytics.MobileAnalyticsManager.Internal.ConnectivityPolicy">
            <summary>
            An object for determining whether the delivery client should send events
            to mobile analytics service by checking the network status.
            </summary>
            <summary>
            An object for determining whether the delivery client should send events
            to mobile analytics service by checking the network status.
            </summary>
        </member>
        <member name="M:Amazon.MobileAnalytics.MobileAnalyticsManager.Internal.ConnectivityPolicy.#ctor(System.Boolean)">
            <summary>
            Initializes a new instance of the
            <see cref="T:Amazon.MobileAnalytics.MobileAnalyticsManager.Internal.ConnectivityPolicy"/> class.
            </summary>
            <param name="IsDataAllowed">If set to <c>true</c> polciy will allow the delivery on data network.</param>
        </member>
        <member name="M:Amazon.MobileAnalytics.MobileAnalyticsManager.Internal.ConnectivityPolicy.IsAllowed">
            <summary>
            Determines whether this policy allows the delivery of the events or not.
            </summary>
            <returns>true</returns>
            <c>false</c>
        </member>
        <member name="M:Amazon.MobileAnalytics.MobileAnalyticsManager.Internal.ConnectivityPolicy.HasNetworkConnectivity">
            <summary>
            Determines whether this instance has network connectivity.
            </summary>
            <returns><c>true</c> if this instance has network connectivity; otherwise, <c>false</c>.</returns>
        </member>
        <member name="T:Amazon.MobileAnalytics.MobileAnalyticsManager.Internal.DeliveryPolicyFactory">
            <summary>
            Object that creates delivery policy.
            </summary>
        </member>
        <member name="M:Amazon.MobileAnalytics.MobileAnalyticsManager.Internal.DeliveryPolicyFactory.#ctor(System.Boolean)">
            <summary>
            Initializes a new instance of the
            <see cref="T:Amazon.MobileAnalytics.MobileAnalyticsManager.Internal.DeliveryPolicyFactory"/> class.
            </summary>
            <param name="IsDataNetworkAllowed">If set to <c>true</c> connectivity policy will allow delivery on data network.</param>
        </member>
        <member name="M:Amazon.MobileAnalytics.MobileAnalyticsManager.Internal.DeliveryPolicyFactory.NewConnectivityPolicy">
            <summary>
            returns a new connectivity policy.
            </summary>
            <returns>instance of <see cref="T:Amazon.MobileAnalytics.MobileAnalyticsManager.Internal.IDeliveryPolicy"/>, which checks for network connectivity</returns>
        </member>
        <member name="T:Amazon.MobileAnalytics.MobileAnalyticsManager.Internal.IDeliveryPolicy">
            <summary>
            This interface is for delivery policy that determines whether delivery client should send events 
            to Mobile Analytics service.
            </summary>
        </member>
        <member name="M:Amazon.MobileAnalytics.MobileAnalyticsManager.Internal.IDeliveryPolicy.IsAllowed">
            <summary>
            Determines whether this policy allows the delivery of the events or not.
            </summary>
            <returns><c>true</c> if this policy allows the delivery of events; otherwise, <c>false</c>.</returns>
        </member>
        <member name="T:Amazon.MobileAnalytics.MobileAnalyticsManager.Internal.IDeliveryPolicyFactory">
            <summary>
            Interface for creating delivery policy.
            </summary>
        </member>
        <member name="M:Amazon.MobileAnalytics.MobileAnalyticsManager.Internal.IDeliveryPolicyFactory.NewConnectivityPolicy">
            <summary>
            Returns a new connectivity policy.
            </summary>
            <returns>instance of <see cref="T:Amazon.MobileAnalytics.MobileAnalyticsManager.Internal.IDeliveryPolicy"/>, which checks network connectivity</returns>
        </member>
        <member name="T:Amazon.MobileAnalytics.MobileAnalyticsManager.Internal.Session">
            <summary>
            The class controls session start, pause, resume and stop logic.
            </summary>
        </member>
        <member name="P:Amazon.MobileAnalytics.MobileAnalyticsManager.Internal.Session.StartTime">
            <summary>
            Session start Time.
            </summary>
        </member>
        <member name="P:Amazon.MobileAnalytics.MobileAnalyticsManager.Internal.Session.StopTime">
            <summary>
            Session stop time.
            </summary>
        </member>
        <member name="P:Amazon.MobileAnalytics.MobileAnalyticsManager.Internal.Session.PreStartTime">
            <summary>
            Session latest resume time.
            </summary>
        </member>
        <member name="P:Amazon.MobileAnalytics.MobileAnalyticsManager.Internal.Session.SessionId">
            <summary>
            Session ID.
            </summary>
        </member>
        <member name="P:Amazon.MobileAnalytics.MobileAnalyticsManager.Internal.Session.Duration">
            <summary>
            Session duration in milliseconds.
            </summary>
        </member>
        <member name="M:Amazon.MobileAnalytics.MobileAnalyticsManager.Internal.Session.#ctor(System.String,Amazon.MobileAnalytics.MobileAnalyticsManager.MobileAnalyticsManagerConfig)">
            <summary>
            Constructor of <see cref="T:Amazon.MobileAnalytics.MobileAnalyticsManager.Internal.Session"/>
            </summary>
            <param name="appID">Amazon Mobile Analytics App Identifier.</param>
            <param name="maConfig">Mobile Analytics Manager Configuration.</param>
        </member>
        <member name="M:Amazon.MobileAnalytics.MobileAnalyticsManager.Internal.Session.Start">
            <summary>
            Start this session.
            </summary>
        </member>
        <member name="M:Amazon.MobileAnalytics.MobileAnalyticsManager.Internal.Session.Pause">
            <summary>
            Pause this session.
            </summary>
        </member>
        <member name="M:Amazon.MobileAnalytics.MobileAnalyticsManager.Internal.Session.Resume">
            <summary>
            Resume this session.
            </summary>       
        </member>
        <member name="T:Amazon.MobileAnalytics.MobileAnalyticsManager.MobileAnalyticsManager">
            <summary>
            MobileAnalyticsManager is the entry point to recording analytic events for your application
            </summary>
            <summary>
            MobileAnalyticsManager in the entry point to recording analytic events for your application
            </summary>
        </member>
        <member name="M:Amazon.MobileAnalytics.MobileAnalyticsManager.MobileAnalyticsManager.GetOrCreateInstance(System.String,Amazon.Runtime.AWSCredentials,Amazon.RegionEndpoint,Amazon.MobileAnalytics.MobileAnalyticsManager.MobileAnalyticsManagerConfig)">
            <summary>
            Gets or creates Mobile Analytics Manager instance. If the instance already exists, returns the instance; otherwise
            creates new instance and returns it.
            </summary>
            <param name="appID">Amazon Mobile Analytics Application ID.</param>
            <param name="credentials">AWS Credentials.</param>
            <param name="regionEndpoint">Region endpoint.</param>
            <param name="maConfig">Amazon Mobile Analytics Manager configuration.</param>
            <returns>Mobile Analytics Manager instance. </returns>
        </member>
        <member name="M:Amazon.MobileAnalytics.MobileAnalyticsManager.MobileAnalyticsManager.GetOrCreateInstance(System.String,Amazon.Runtime.AWSCredentials,Amazon.RegionEndpoint)">
            <summary>
            Gets or creates Mobile Analytics Manager instance. If the instance already exists, returns the instance; otherwise
            creates new instance and returns it.
            </summary>
            <param name="appID">Amazon Mobile Analytics Application ID.</param>
            <param name="credentials">AWS Credentials.</param>
            <param name="regionEndpoint">Region endpoint.</param>
            <returns>Mobile Analytics Manager instance.</returns>
        </member>
        <member name="M:Amazon.MobileAnalytics.MobileAnalyticsManager.MobileAnalyticsManager.GetInstance(System.String)">
            <summary>
            Gets Mobile Analytics Manager instance by Application ID. Returns Mobile Analytics Manager instance if it's found.
            Throws InvalidOperationException if the instance has not been instantiated.
            </summary>
            <param name="appID">Amazon Mobile Analytics Application ID.</param>
            <returns>The Mobile Analytics Manager instance.</returns>
        </member>
        <member name="M:Amazon.MobileAnalytics.MobileAnalyticsManager.MobileAnalyticsManager.PauseSession">
             <summary>
             Pauses the current session.
             PauseSession() is the entry point into the Amazon Mobile Analytics SDK where sessions can be paused. Session is created and started immediately 
             after instantiating the MobileAnalyticsManager object. The session remains active until it is paused. When in a paused state, the session time will 
             not accumulate. When resuming a session, if enough time has elapsed from when the session is paused to when it's resumed, the session is ended and 
             a new session is created and started. Otherwise, the paused session is resumed and the session time continues to accumulate. Currently session 
             time out default value is 5 seconds.
             
             For example, on Android platform, when MobileAnalyticsManager is first instantiated, it creates Session 1. As the user transitions from activity to activity, the old 
             activity will pause the current session, and the new activity will immediately resume the current session. In this case, Session 1 remains active 
             and accumulates session time. The user continues to use the App for a total of 3 minutes, at which point, the user receives a phone call. 
             When transitioning to the phone call, the current activity will pause the session and then transition to the phone app. In this case Session 1 
             remains paused while the phone call is in progress and session time does not accumulate. After completing the phone call a few minutes later, 
             the user returns to the App and the activity will resume Session 1. Since enough time has elapsed since resuming Session 1, Session 1 will be ended 
             with a play time of 3 minutes. Session 2 will then be immediately created and started.
             
             In order for MobileAnalyticsManager to track sessions, you must call the PauseSession() and ResumeSession() in each activity of your app.
             <example>
             The example below shows how to pause and resume session in Xamarin Android
             <code>
            public class MainActivity : Activity
            {
                private static MobileAnalyticsManager _manager = null;
            
                protected override void OnCreate(Bundle bundle)
                {
                    _manager = MobileAnalyticsManager.GetOrCreateInstance(YourAppId, YourCredential, RegionEndpoint.USEast1, YourConfig);
                    base.OnCreate(bundle);
                }
                protected override void OnResume()
                {
                    await _manager.ResumeSession();
                    base.OnResume();
                }
                protected override void OnPause()
                {
                    await _manager.PauseSession();
                    base.OnPause();
                }
            }
             </code>  
             </example> 
             </summary>       
        </member>
        <member name="M:Amazon.MobileAnalytics.MobileAnalyticsManager.MobileAnalyticsManager.ResumeSession">
             <summary>
             Resume the current session.
             ResumeSession() is the entry point into the Amazon Mobile Analytics SDK where sessions can be resumed. Session is created and started immediately 
             after instantiating the MobileAnalyticsManager object. The session remains active until it is paused. When in a paused state, the session time will 
             not accumulate. When resuming a session, if enough time has elapsed from when the session is paused to when it's resumed, the session is ended and 
             a new session is created and started. Otherwise, the paused session is resumed and the session time continues to accumulate. Currently session 
             time out default value is 5 seconds.
             
             For example, on Android platform, when MobileAnalyticsManager is first instantiated, it creates Session 1. As the user transitions from activity to activity, the old 
             activity will pause the current session, and the new activity will immediately resume the current session. In this case, Session 1 remains active 
             and accumulates session time. The user continues to use the App for a total of 3 minutes, at which point, the user receives a phone call. 
             When transitioning to the phone call, the current activity will pause the session and then transition to the phone app. In this case Session 1 
             remains paused while the phone call is in progress and session time does not accumulate. After completing the phone call a few minutes later, 
             the user returns to the App and the activity will resume Session 1. Since enough time has elapsed since resuming Session 1, Session 1 will be ended 
             with a play time of 3 minutes. Session 2 will then be immediately created and started.
             
             In order for MobileAnalyticsManager to track sessions, you must call the PauseSession() and ResumeSession() in each activity of your app.
             <example>
             The example below shows how to pause and resume session in Xamarin Android
             <code>
            public class MainActivity : Activity
            {
                private static MobileAnalyticsManager _manager = null;
            
                protected override void OnCreate(Bundle bundle)
                {
                    _manager = MobileAnalyticsManager.GetOrCreateInstance(YourAppId, YourCredential, RegionEndpoint.USEast1, YourConfig);
                    base.OnCreate(bundle);
                }
                protected override void OnResume()
                {
                    await _manager.ResumeSession();
                    base.OnResume();
                }
                protected override void OnPause()
                {
                    await _manager.PauseSession();
                    base.OnPause();
                }
            }
             </code>  
             </example> 
             </summary>
        </member>
        <member name="M:Amazon.MobileAnalytics.MobileAnalyticsManager.MobileAnalyticsManager.RecordEvent(Amazon.MobileAnalytics.MobileAnalyticsManager.CustomEvent)">
            <summary>
            Records the custom event to the local persistent storage. Background thread will deliver the event later.
            </summary>
            <param name="customEvent">The Mobile Analytics event.</param>
        </member>
        <member name="M:Amazon.MobileAnalytics.MobileAnalyticsManager.MobileAnalyticsManager.AddCustomAttributeToClientContext(System.String,System.String)">
            <summary>
            Adds client context custom attribute
            Refer <a href="http://docs.aws.amazon.com/mobileanalytics/latest/ug/PutEvents.html" >Rest API</a> for more information
            </summary>
            <param name="key">Key.</param>
            <param name="value">Value.</param>
        </member>
        <member name="E:Amazon.MobileAnalytics.MobileAnalyticsManager.MobileAnalyticsManager.MobileAnalyticsErrorEvent">
            <summary>
            The event for MobileAnalyticsErrorEvent notifications. All subscribers will be notified 
            when a new Mobile Analytics error event is raised.
            <para>
            The MobileAnalyticsErrorEvent is fired as error happens in Mobile Analytics Manager. 
            The delegates attached to the event will be passed information detailing what is the error.
            For example, the error can be Amazon Mobile Analytics server return error, local event storage error, 
            File I/O error etc.
            </para>
            The example below shows how to subscribe to this event.
            <example>
            1. Define a method with a signature similar to this one:
            <code>
            private void errorHandler(object sender, MobileAnalyticsErrorEventArgs args)
            {
                Console.WriteLine(args);
            }
            </code>
            2. Add this method to the MobileAnalyticsErrorEvent delegate's invocation list
            <code>
            _manager = MobileAnalyticsManager.GetOrCreateInstance(YourAppId, YourCredential, RegionEndpoint.USEast1, YourConfig);
            _manager.MobileAnalyticsErrorEvent += errorHandler;
            </code>
            </example>
            </summary>
        </member>
        <member name="M:Amazon.MobileAnalytics.MobileAnalyticsManager.MobileAnalyticsManager.GetOrCreateInstance(System.String)">
            <summary>
            Gets or creates Mobile Analytics Manager instance. If the instance already exists, returns the instance; otherwise
            creates new instance and returns it.
            </summary>
            <param name="appID">Amazon Mobile Analytics Application ID.</param>
            <returns>Mobile Analytics Manager instance. </returns>
        </member>
        <member name="M:Amazon.MobileAnalytics.MobileAnalyticsManager.MobileAnalyticsManager.GetOrCreateInstance(System.String,Amazon.Runtime.AWSCredentials)">
            <summary>
            Gets or creates Mobile Analytics Manager instance. If the instance already exists, returns the instance; otherwise
            creates new instance and returns it.
            </summary>
            <param name="appID">Amazon Mobile Analytics Application ID.</param>
            <param name="credentials">AWS Credentials.</param>
            <returns>Mobile Analytics Manager instance. </returns>
        </member>
        <member name="M:Amazon.MobileAnalytics.MobileAnalyticsManager.MobileAnalyticsManager.GetOrCreateInstance(System.String,Amazon.RegionEndpoint)">
            <summary>
            Gets or creates Mobile Analytics Manager instance. If the instance already exists, returns the instance; otherwise
            creates new instance and returns it.
            </summary>
            <param name="appID">Amazon Mobile Analytics Application ID.</param>
            <param name="regionEndpoint">Region endpoint.</param>
            <returns>Mobile Analytics Manager instance. </returns>
        </member>
        <member name="M:Amazon.MobileAnalytics.MobileAnalyticsManager.MobileAnalyticsManager.GetOrCreateInstance(System.String,Amazon.MobileAnalytics.MobileAnalyticsManager.MobileAnalyticsManagerConfig)">
            <summary>
            Gets or creates Mobile Analytics Manager instance. If the instance already exists, returns the instance; otherwise
            creates new instance and returns it.
            </summary>
            <param name="appID">Amazon Mobile Analytics Application ID.</param>
            <param name="maConfig">Amazon Mobile Analytics Manager configuration.</param>
            <returns>Mobile Analytics Manager instance. </returns>
        </member>
        <member name="T:Amazon.MobileAnalytics.MobileAnalyticsManager.MobileAnalyticsErrorEventArgs">
            <summary>
            Encapsulates the information needed to notify
            errors of Mobile Analytics Manager.
            </summary>
        </member>
        <member name="M:Amazon.MobileAnalytics.MobileAnalyticsManager.MobileAnalyticsErrorEventArgs.#ctor(System.String,System.String,System.Exception,System.Collections.Generic.List{Amazon.MobileAnalytics.Model.Event})">
            <summary>
            The constructor of MobileAnalyticsErrorEventArgs
            </summary>
            <param name="className">The class name where the error is caught.</param>
            <param name="errorMessage">The message that describes reason of the error.</param>
            <param name="exception">The exception thrown in Mobile Analytics Manager.</param>
            <param name="undeliveredEvents">The list of events that caused the error. This is a list of low level event objects. This list might be empty if the error is not caused by mal-formatted events.</param>
        </member>
        <member name="P:Amazon.MobileAnalytics.MobileAnalyticsManager.MobileAnalyticsErrorEventArgs.ClassName">
            <summary>
            The class name where the error is caught.
            </summary>
        </member>
        <member name="P:Amazon.MobileAnalytics.MobileAnalyticsManager.MobileAnalyticsErrorEventArgs.ErrorMessage">
            <summary>
            The message that describes reason of the error.
            </summary>
        </member>
        <member name="P:Amazon.MobileAnalytics.MobileAnalyticsManager.MobileAnalyticsErrorEventArgs.Exception">
            <summary>
            The exception thrown in Mobile Analytics Manager.
            </summary>
        </member>
        <member name="P:Amazon.MobileAnalytics.MobileAnalyticsManager.MobileAnalyticsErrorEventArgs.UndeliveredEvents">
            <summary>
            The list of events that caused the error. This is a list of low level event objects.
            This list might be empty if the error is not caused by mal-formatted events.
            </summary>
        </member>
        <member name="T:Amazon.MobileAnalytics.MobileAnalyticsManager.CustomEvent">
            <summary>
            Represents any useful event you wish to record in your application.
            <example>
            The example below shows how to use CustomEvent
            <code>
                CustomEvent customEvent = new CustomEvent("level_complete");   
                
                customEvent.AddAttribute("LevelName","Level1");
                customEvent.AddAttribute("Successful","True");
                customEvent.AddMetric("Score",12345);
                customEvent.AddMetric("TimeInLevel",64);   
                
                analyticsManager.RecordEvent(customEvent);
            </code>  
            </example> 
            </summary>
        </member>
        <member name="P:Amazon.MobileAnalytics.MobileAnalyticsManager.CustomEvent.EventType">
            <summary>
            Event type string that defines event type.
            </summary>
        </member>
        <member name="F:Amazon.MobileAnalytics.MobileAnalyticsManager.CustomEvent._eventTypeGlobalAttributes">
            <summary>
            Dictionary that stores global attribute for specific event type.
            </summary>
        </member>
        <member name="F:Amazon.MobileAnalytics.MobileAnalyticsManager.CustomEvent._eventTypeGlobalMetrics">
            <summary>
            Dictionary that stores global metric for specific event type.
            </summary>
        </member>
        <member name="F:Amazon.MobileAnalytics.MobileAnalyticsManager.CustomEvent._globalAttributes">
            <summary>
            Dictionary that stores global attribute for all event type.
            </summary>
        </member>
        <member name="F:Amazon.MobileAnalytics.MobileAnalyticsManager.CustomEvent._globalMetrics">
            <summary>
            Dictionary that stores global metric for all event type.
            </summary>
        </member>
        <member name="F:Amazon.MobileAnalytics.MobileAnalyticsManager.CustomEvent._attributes">
            <summary>
            Dictionary that stores attribute for this event only.
            </summary>
        </member>
        <member name="F:Amazon.MobileAnalytics.MobileAnalyticsManager.CustomEvent._metrics">
            <summary>
            Dictionary that stores metric for this event only.
            </summary>
        </member>
        <member name="P:Amazon.MobileAnalytics.MobileAnalyticsManager.CustomEvent.SessionId">
            <summary>
            Unique Identifier of Session
            </summary>
        </member>
        <member name="P:Amazon.MobileAnalytics.MobileAnalyticsManager.CustomEvent.Duration">
            <summary>
            Duration of the session in milliseconds.
            </summary>
        </member>
        <member name="P:Amazon.MobileAnalytics.MobileAnalyticsManager.CustomEvent.StartTimestamp">
            <summary>
            Start time stamp of seesion.
            </summary>
        </member>
        <member name="P:Amazon.MobileAnalytics.MobileAnalyticsManager.CustomEvent.StopTimestamp">
            <summary>
            Stop time stamp of session.
            </summary>
        </member>
        <member name="P:Amazon.MobileAnalytics.MobileAnalyticsManager.CustomEvent.Timestamp">
            <summary>
            Timestamp of when event is recorded.
            </summary>
        </member>
        <member name="F:Amazon.MobileAnalytics.MobileAnalyticsManager.CustomEvent._globalLock">
            <summary>
            Lock that protects global attribute and metric.
            </summary>
        </member>
        <member name="F:Amazon.MobileAnalytics.MobileAnalyticsManager.CustomEvent._lock">
            <summary>
            Lock that protects attribute and metric. 
            </summary>
        </member>
        <member name="M:Amazon.MobileAnalytics.MobileAnalyticsManager.CustomEvent.#ctor(System.String)">
            <summary>
            Initializes a new instance of the
            <see cref="T:Amazon.MobileAnalytics.MobileAnalyticsManager.CustomEvent"/> class.
            </summary>
            <param name="eventType">Event type.</param>
        </member>
        <member name="M:Amazon.MobileAnalytics.MobileAnalyticsManager.CustomEvent.ConvertToMobileAnalyticsModelEvent(Amazon.MobileAnalytics.MobileAnalyticsManager.Internal.Session)">
            <summary>
            Converts to mobile analytics model event. <see cref="T:Amazon.MobileAnalytics.Model.Event"/>
            </summary>
            <returns>The to mobile analytics model event.</returns>
            <param name="session">Session. <see cref="T:Amazon.MobileAnalytics.MobileAnalyticsManager.Internal.Session"/></param>
        </member>
        <member name="M:Amazon.MobileAnalytics.MobileAnalyticsManager.CustomEvent.AddAttribute(System.String,System.String)">
            <summary>
            Adds the attribute.
            </summary>
            <param name="attributeName">Attribute name. Max name length is 50.</param>
            <param name="attributeValue">Attribute value. Max value length is 255.</param>
        </member>
        <member name="M:Amazon.MobileAnalytics.MobileAnalyticsManager.CustomEvent.HasAttribute(System.String)">
            <summary>
            Determines whether this instance has attribute the specified attributeName.
            </summary>
            <param name="attributeName">Attribute name.</param>
            <returns>Return true if the event has the attribute, else false.</returns>
        </member>
        <member name="M:Amazon.MobileAnalytics.MobileAnalyticsManager.CustomEvent.GetAttribute(System.String)">
            <summary>
            Gets the attribute.
            </summary>    
            <param name="attributeName">Attribute name.</param>
            <returns>The attribute. Return null of attribute doesn't exist.</returns>
        </member>
        <member name="P:Amazon.MobileAnalytics.MobileAnalyticsManager.CustomEvent.AllAttributes">
            <summary>
            Gets copy of all attributes.
            </summary>
            <returns>Copy of all the attributes.</returns>
        </member>
        <member name="M:Amazon.MobileAnalytics.MobileAnalyticsManager.CustomEvent.AddMetric(System.String,System.Double)">
            <summary>
            Adds the metric.
            </summary>
            <param name="metricName">Metric name. Max length is 50.</param>
            <param name="metricValue">Metric value.</param>
        </member>
        <member name="M:Amazon.MobileAnalytics.MobileAnalyticsManager.CustomEvent.HasMetric(System.String)">
            <summary>
            Determines whether this instance has metric the specified metricName.
            </summary>
            <param name="metricName">Metric name.</param>
            <returns>Return true if the event has the attribute, else false.</returns>
        </member>
        <member name="M:Amazon.MobileAnalytics.MobileAnalyticsManager.CustomEvent.GetMetric(System.String)">
            <summary>
            Gets the metric.
            </summary>
            <param name="metricName">Metric name.</param>
            <returns>The metric. Return null of metric doesn't exist.</returns>
        </member>
        <member name="P:Amazon.MobileAnalytics.MobileAnalyticsManager.CustomEvent.AllMetrics">
            <summary>
            Gets copy of all metrics.
            </summary>
            <returns>Copy of all the metrics.</returns>
        </member>
        <member name="M:Amazon.MobileAnalytics.MobileAnalyticsManager.CustomEvent.AddGlobalAttribute(System.String,System.String)">
            <summary>
            Adds the global attribute, which is valid for all events.
            </summary>
            <param name="attributeName">Attribute name. Max length is 50.</param>
            <param name="attributeValue">Attribute value. Max length is 255.</param>
        </member>
        <member name="M:Amazon.MobileAnalytics.MobileAnalyticsManager.CustomEvent.AddGlobalAttribute(System.String,System.String,System.String)">
            <summary>
            Adds the global attribute, which is valid to some specific event type.
            </summary>
            <param name="eventType">Event type.</param>
            <param name="attributeName">Attribute name. Max length is 50.</param>
            <param name="attributeValue">Attribute value. Max length is 255.</param>
        </member>
        <member name="M:Amazon.MobileAnalytics.MobileAnalyticsManager.CustomEvent.RemoveGlobalAttribute(System.String)">
            <summary>
            Removes the global attribute, which is valid for all events.
            </summary>
            <param name="attributeName">Attribute name.</param>
        </member>
        <member name="M:Amazon.MobileAnalytics.MobileAnalyticsManager.CustomEvent.RemoveGlobalAttribute(System.String,System.String)">
            <summary>
            Removes the global attribute, which is valid to some specific event type.
            </summary>
            <param name="eventType">Event type.</param>
            <param name="attributeName">Attribute name.</param>
        </member>
        <member name="M:Amazon.MobileAnalytics.MobileAnalyticsManager.CustomEvent.GetGlobalAttribute(System.String)">
            <summary>
            Gets the global attribute, which is valid for all events.
            </summary>
            <param name="attributeName">Attribute name.</param>
            <returns>The global attribute. Return null if attribute doesn't exist.</returns>
        </member>
        <member name="M:Amazon.MobileAnalytics.MobileAnalyticsManager.CustomEvent.GetGlobalAttribute(System.String,System.String)">
            <summary>
            Gets the global attribute, which is valid for some specific event type.
            </summary>
            <param name="eventType">Event type.</param>
            <param name="attributeName">Attribute name.</param>
            <returns>The global attribute. Return null if attribute doesn't exist. </returns>
        </member>
        <member name="M:Amazon.MobileAnalytics.MobileAnalyticsManager.CustomEvent.AddGlobalMetric(System.String,System.Double)">
            <summary>
            Adds the global metric, which is valid for all events.
            </summary>
            <param name="metricName">Metric name. Max length is 50.</param>
            <param name="metricValue">Metric value.</param>
        </member>
        <member name="M:Amazon.MobileAnalytics.MobileAnalyticsManager.CustomEvent.AddGlobalMetric(System.String,System.String,System.Double)">
            <summary>
            Adds the global metric, which is valid for some specific event type.
            </summary>
            <param name="eventType">Event type.</param>
            <param name="metricName">Metric name. Max length is 50.</param>
            <param name="metricValue">Metric value.</param>
        </member>
        <member name="M:Amazon.MobileAnalytics.MobileAnalyticsManager.CustomEvent.RemoveGlobalMetric(System.String)">
            <summary>
            Removes the global metric, which is valid for all events.
            </summary>
            <param name="metricName">Metric name.</param>
        </member>
        <member name="M:Amazon.MobileAnalytics.MobileAnalyticsManager.CustomEvent.RemoveGlobalMetric(System.String,System.String)">
            <summary>
            Removes the global metric, which is valid for some specific event type.
            </summary>
            <param name="eventType">Event type.</param>
            <param name="metricName">Metric name.</param>
        </member>
        <member name="M:Amazon.MobileAnalytics.MobileAnalyticsManager.CustomEvent.GetGlobalMetric(System.String)">
            <summary>
            Gets the global metric, which is valid for all events.
            </summary>
            <returns>The global metric. Return null if metric doesn't exist.</returns>
            <param name="metricName">Metric name.</param>
        </member>
        <member name="M:Amazon.MobileAnalytics.MobileAnalyticsManager.CustomEvent.GetGlobalMetric(System.String,System.String)">
            <summary>
            Gets the global metric, which is valid for some specific event type.
            </summary>
            <param name="eventType">Event type.</param>
            <param name="metricName">Metric name.</param>
            <returns>The global metric. Return null if metric doesn't exist. </returns>
        </member>
        <member name="T:Amazon.MobileAnalytics.MobileAnalyticsManager.IEvent">
            <summary>
            Interface for Mobile Analytics Event.
            </summary>
        </member>
        <member name="M:Amazon.MobileAnalytics.MobileAnalyticsManager.IEvent.AddAttribute(System.String,System.String)">
            <summary>
            Adds the attribute.
            </summary>
            <param name="attributeName">Attribute name. Max name length is 50.</param>
            <param name="attributeValue">Attribute value. Max value length is 255.</param>
        </member>
        <member name="M:Amazon.MobileAnalytics.MobileAnalyticsManager.IEvent.HasAttribute(System.String)">
            <summary>
            Determines whether this instance has attribute the specified attributeName.
            </summary>
            <returns><c>true</c> if this instance has attribute the specified attributeName; otherwise, <c>false</c>.</returns>
            <param name="attributeName">Attribute name.</param>
        </member>
        <member name="M:Amazon.MobileAnalytics.MobileAnalyticsManager.IEvent.GetAttribute(System.String)">
            <summary>
            Gets the attribute.
            </summary>
            <returns>The attribute. Return null if the attribute doesn't exist.</returns>
            <param name="attributeName">Attribute name.</param>
        </member>
        <member name="P:Amazon.MobileAnalytics.MobileAnalyticsManager.IEvent.AllAttributes">
            <summary>
            Gets all attributes.
            </summary>
            <returns>All the attributes.</returns>
        </member>
        <member name="M:Amazon.MobileAnalytics.MobileAnalyticsManager.IEvent.AddMetric(System.String,System.Double)">
            <summary>
            Adds the metric.
            </summary>
            <param name="metricName">Metric name. Max length is 50.</param>
            <param name="metricValue">Metric value.</param>
        </member>
        <member name="M:Amazon.MobileAnalytics.MobileAnalyticsManager.IEvent.HasMetric(System.String)">
            <summary>
            Determines whether this instance has metric the specified metricName.
            </summary>
            <returns><c>true</c> if this instance has metric the specified metricName; otherwise, <c>false</c>.</returns>
            <param name="metricName">Metric name.</param>
        </member>
        <member name="M:Amazon.MobileAnalytics.MobileAnalyticsManager.IEvent.GetMetric(System.String)">
            <summary>
            Gets the metric.
            </summary>
            <returns>The metric. Return null if metric doesn't exist.</returns>
            <param name="metricName">Metric name.</param>
        </member>
        <member name="P:Amazon.MobileAnalytics.MobileAnalyticsManager.IEvent.AllMetrics">
            <summary>
            Gets all metrics.
            </summary>
            <returns>All the metrics.</returns>
        </member>
        <member name="M:Amazon.MobileAnalytics.MobileAnalyticsManager.IEvent.AddGlobalAttribute(System.String,System.String)">
            <summary>
            Adds the global attribute, which is valid for all events.
            </summary>
            <param name="attributeName">Attribute name. Max length is 50.</param>
            <param name="attributeValue">Attribute value. Max length is 255.</param>
        </member>
        <member name="M:Amazon.MobileAnalytics.MobileAnalyticsManager.IEvent.AddGlobalAttribute(System.String,System.String,System.String)">
            <summary>
            Adds the global attribute, which is valid to some specific event type.
            </summary>
            <param name="eventType">Event type.</param>
            <param name="attributeName">Attribute name. Max length is 50.</param>
            <param name="attributeValue">Attribute value. Max length is 255.</param>
        </member>
        <member name="M:Amazon.MobileAnalytics.MobileAnalyticsManager.IEvent.RemoveGlobalAttribute(System.String)">
            <summary>
            Removes the global attribute, which is valid for all events.
            </summary>
            <param name="attributeName">Attribute name.</param>
        </member>
        <member name="M:Amazon.MobileAnalytics.MobileAnalyticsManager.IEvent.RemoveGlobalAttribute(System.String,System.String)">
            <summary>
            Removes the global attribute, which is valid to some specific event type.
            </summary>
            <param name="eventType">Event type.</param>
            <param name="attributeName">Attribute name.</param>
        </member>
        <member name="M:Amazon.MobileAnalytics.MobileAnalyticsManager.IEvent.GetGlobalAttribute(System.String)">
            <summary>
            Gets the global attribute, which is valid for all events.
            </summary>
            <returns>The global attribute. Return null if attribute doesn't exist.</returns>
            <param name="attributeName">Attribute name.</param>
        </member>
        <member name="M:Amazon.MobileAnalytics.MobileAnalyticsManager.IEvent.GetGlobalAttribute(System.String,System.String)">
            <summary>
            Gets the global attribute, which is valid for some specific event type.
            </summary>
            <returns>The global attribute. Return null if attribute doesn't exist. </returns>
            <param name="eventType">Event type.</param>
            <param name="attributeName">Attribute name.</param>
        </member>
        <member name="M:Amazon.MobileAnalytics.MobileAnalyticsManager.IEvent.AddGlobalMetric(System.String,System.Double)">
            <summary>
            Adds the global metric, which is valid for all events.
            </summary>
            <param name="metricName">Metric name. Max length is 50.</param>
            <param name="metricValue">Metric value.</param>
        </member>
        <member name="M:Amazon.MobileAnalytics.MobileAnalyticsManager.IEvent.AddGlobalMetric(System.String,System.String,System.Double)">
            <summary>
            Adds the global metric, which is valid for some specific event type.
            </summary>
            <param name="eventType">Event type.</param>
            <param name="metricName">Metric name. Max length is 50.</param>
            <param name="metricValue">Metric value.</param>
        </member>
        <member name="M:Amazon.MobileAnalytics.MobileAnalyticsManager.IEvent.RemoveGlobalMetric(System.String)">
            <summary>
            Removes the global metric, which is valid for all events.
            </summary>
            <param name="metricName">Metric name.</param>
        </member>
        <member name="M:Amazon.MobileAnalytics.MobileAnalyticsManager.IEvent.RemoveGlobalMetric(System.String,System.String)">
            <summary>
            Removes the global metric, which is valid for some specific event type.
            </summary>
            <param name="eventType">Event type.</param>
            <param name="metricName">Metric name.</param>
        </member>
        <member name="M:Amazon.MobileAnalytics.MobileAnalyticsManager.IEvent.GetGlobalMetric(System.String)">
            <summary>
            Gets the global metric, which is valid for all events.
            </summary>
            <returns>The global metric.Return null if metric doesn't exist.</returns>
            <param name="metricName">Metric name.</param>
        </member>
        <member name="M:Amazon.MobileAnalytics.MobileAnalyticsManager.IEvent.GetGlobalMetric(System.String,System.String)">
            <summary>
            Gets the global metric, which is valid for some specific event type.
            </summary>
            <returns>The global metric.Return null if metric doesn't exist.</returns>
            <param name="eventType">Event type.</param>
            <param name="metricName">Metric name.</param>
        </member>
        <member name="T:Amazon.MobileAnalytics.MobileAnalyticsManager.MonetizationEvent">
             <summary>
             Represents purchase event in your application. The event attribute must be set by user.
             <example>
             The example below shows how to use MonetizationEvent
             <code>
                 MonetizationEvent monetizationEvent = new MonetizationEvent();
            
                 monetizationEvent.Quantity = 3.0;
                 monetizationEvent.ItemPrice = 1.99;
                 monetizationEvent.ProductId = "ProductId123";
                 monetizationEvent.ItemPriceFormatted = "$1.99";
                 monetizationEvent.Store = "Apple";
                 monetizationEvent.TransactionId = "TransactionId123";
                 monetizationEvent.Currency = "USD";     
            
                 analyticsManager.RecordEvent(monetizationEvent);
             </code>  
             </example> 
             </summary>
        </member>
        <member name="M:Amazon.MobileAnalytics.MobileAnalyticsManager.MonetizationEvent.#ctor">
            <summary>
            Constructor of <see cref="T:Amazon.MobileAnalytics.MobileAnalyticsManager.MonetizationEvent"/>
            </summary>
        </member>
        <member name="P:Amazon.MobileAnalytics.MobileAnalyticsManager.MonetizationEvent.Quantity">
            <summary>
            Sets the quantity.
            </summary>
            <value>The quantity. For example, 1.0 </value>
        </member>
        <member name="P:Amazon.MobileAnalytics.MobileAnalyticsManager.MonetizationEvent.ItemPrice">
            <summary>
            Sets the item price.
            </summary>
            <value>The item price. For example, 3.0 </value>
        </member>
        <member name="P:Amazon.MobileAnalytics.MobileAnalyticsManager.MonetizationEvent.ProductId">
            <summary>
            Sets the product identifier.
            </summary>
            <value>The product identifier. For example, ProductId123.</value>
        </member>
        <member name="P:Amazon.MobileAnalytics.MobileAnalyticsManager.MonetizationEvent.ItemPriceFormatted">
            <summary>
            Sets the item price formatted.
            </summary>
            <value>The item price formatted. For example, $1.99 </value>
        </member>
        <member name="P:Amazon.MobileAnalytics.MobileAnalyticsManager.MonetizationEvent.Store">
            <summary>
            Sets the store.
            </summary>
            <value>The store. For example, AppStore.</value>
        </member>
        <member name="P:Amazon.MobileAnalytics.MobileAnalyticsManager.MonetizationEvent.TransactionId">
            <summary>
            Sets the transaction identifier.
            </summary>
            <value>The transaction identifier. For example, TransactionId123.</value>
        </member>
        <member name="P:Amazon.MobileAnalytics.MobileAnalyticsManager.MonetizationEvent.Currency">
            <summary>
            Sets the currency.
            </summary>
            <value>The currency.</value>
        </member>
        <member name="M:Amazon.MobileAnalytics.MobileAnalyticsManager.MonetizationEvent.ConvertToMobileAnalyticsModelEvent(Amazon.MobileAnalytics.MobileAnalyticsManager.Internal.Session)">
            <summary>
            Converts to mobile analytics model event. <see cref="T:Amazon.MobileAnalytics.Model.Event"/>
            </summary>
            <returns>The to mobile analytics model event.</returns>
            <param name="session">Session.</param>
        </member>
        <member name="T:Amazon.MobileAnalytics.AmazonMobileAnalyticsConfig">
            <summary>
            Configuration for accessing Amazon MobileAnalytics service
            </summary>
        </member>
        <member name="M:Amazon.MobileAnalytics.AmazonMobileAnalyticsConfig.#ctor">
            <summary>
            Default constructor
            </summary>
        </member>
        <member name="P:Amazon.MobileAnalytics.AmazonMobileAnalyticsConfig.RegionEndpointServiceName">
            <summary>
            The constant used to lookup in the region hash the endpoint.
            </summary>
        </member>
        <member name="P:Amazon.MobileAnalytics.AmazonMobileAnalyticsConfig.ServiceVersion">
            <summary>
            Gets the ServiceVersion property.
            </summary>
        </member>
        <member name="P:Amazon.MobileAnalytics.AmazonMobileAnalyticsConfig.UserAgent">
            <summary>
            Gets the value of UserAgent property.
            </summary>
        </member>
        <member name="T:Amazon.MobileAnalytics.AmazonMobileAnalyticsException">
            <summary>
             Common exception for the MobileAnalytics service.
             </summary>
        </member>
        <member name="M:Amazon.MobileAnalytics.AmazonMobileAnalyticsException.#ctor(System.String)">
            <summary>
            Construct instance of AmazonMobileAnalyticsException
            </summary>
            <param name="message"></param>
        </member>
        <member name="M:Amazon.MobileAnalytics.AmazonMobileAnalyticsException.#ctor(System.String,System.Exception)">
            <summary>
            Construct instance of AmazonMobileAnalyticsException
            </summary>
            <param name="message"></param>
            <param name="innerException"></param>
        </member>
        <member name="M:Amazon.MobileAnalytics.AmazonMobileAnalyticsException.#ctor(System.Exception)">
            <summary>
            Construct instance of AmazonMobileAnalyticsException
            </summary>
            <param name="innerException"></param>
        </member>
        <member name="M:Amazon.MobileAnalytics.AmazonMobileAnalyticsException.#ctor(System.String,Amazon.Runtime.ErrorType,System.String,System.String,System.Net.HttpStatusCode)">
            <summary>
            Construct instance of AmazonMobileAnalyticsException
            </summary>
            <param name="message"></param>
            <param name="errorType"></param>
            <param name="errorCode"></param>
            <param name="requestId"></param>
            <param name="statusCode"></param>
        </member>
        <member name="M:Amazon.MobileAnalytics.AmazonMobileAnalyticsException.#ctor(System.String,System.Exception,Amazon.Runtime.ErrorType,System.String,System.String,System.Net.HttpStatusCode)">
            <summary>
            Construct instance of AmazonMobileAnalyticsException
            </summary>
            <param name="message"></param>
            <param name="innerException"></param>
            <param name="errorType"></param>
            <param name="errorCode"></param>
            <param name="requestId"></param>
            <param name="statusCode"></param>
        </member>
        <member name="T:Amazon.MobileAnalytics.AmazonMobileAnalyticsRequest">
            <summary>
            Base class for MobileAnalytics operation requests.
            </summary>
        </member>
        <member name="T:Amazon.MobileAnalytics.Model.BadRequestException">
            <summary>
             MobileAnalytics exception
             </summary>
        </member>
        <member name="M:Amazon.MobileAnalytics.Model.BadRequestException.#ctor(System.String)">
            <summary>
            Constructs a new BadRequestException with the specified error
            message.
            </summary>
            <param name="message">
            Describes the error encountered.
            </param>
        </member>
        <member name="M:Amazon.MobileAnalytics.Model.BadRequestException.#ctor(System.String,System.Exception)">
            <summary>
            Construct instance of BadRequestException
            </summary>
            <param name="message"></param>
            <param name="innerException"></param>
        </member>
        <member name="M:Amazon.MobileAnalytics.Model.BadRequestException.#ctor(System.Exception)">
            <summary>
            Construct instance of BadRequestException
            </summary>
            <param name="innerException"></param>
        </member>
        <member name="M:Amazon.MobileAnalytics.Model.BadRequestException.#ctor(System.String,System.Exception,Amazon.Runtime.ErrorType,System.String,System.String,System.Net.HttpStatusCode)">
            <summary>
            Construct instance of BadRequestException
            </summary>
            <param name="message"></param>
            <param name="innerException"></param>
            <param name="errorType"></param>
            <param name="errorCode"></param>
            <param name="requestId"></param>
            <param name="statusCode"></param>
        </member>
        <member name="M:Amazon.MobileAnalytics.Model.BadRequestException.#ctor(System.String,Amazon.Runtime.ErrorType,System.String,System.String,System.Net.HttpStatusCode)">
            <summary>
            Construct instance of BadRequestException
            </summary>
            <param name="message"></param>
            <param name="errorType"></param>
            <param name="errorCode"></param>
            <param name="requestId"></param>
            <param name="statusCode"></param>
        </member>
        <member name="T:Amazon.MobileAnalytics.Model.Event">
            <summary>
            A JSON object representing a batch of unique event occurrences in your app.
            </summary>
        </member>
        <member name="P:Amazon.MobileAnalytics.Model.Event.Attributes">
            <summary>
            Gets and sets the property Attributes. 
            <para>
            A collection of key-value pairs that give additional context to the event. The key-value
            pairs are specified by the developer.
            </para>
             
            <para>
            This collection can be empty or the attribute object can be omitted.
            </para>
            </summary>
        </member>
        <member name="P:Amazon.MobileAnalytics.Model.Event.EventType">
            <summary>
            Gets and sets the property EventType. 
            <para>
            A name signifying an event that occurred in your app. This is used for grouping and
            aggregating like events together for reporting purposes.
            </para>
            </summary>
        </member>
        <member name="P:Amazon.MobileAnalytics.Model.Event.Metrics">
            <summary>
            Gets and sets the property Metrics. 
            <para>
            A collection of key-value pairs that gives additional, measurable context to the event.
            The key-value pairs are specified by the developer.
            </para>
             
            <para>
            This collection can be empty or the attribute object can be omitted.
            </para>
            </summary>
        </member>
        <member name="P:Amazon.MobileAnalytics.Model.Event.Session">
            <summary>
            Gets and sets the property Session. 
            <para>
            The session the event occured within. 
            </para>
            </summary>
        </member>
        <member name="P:Amazon.MobileAnalytics.Model.Event.Timestamp">
            <summary>
            Gets and sets the property Timestamp. 
            <para>
            The time the event occurred in ISO 8601 standard date time format. For example, 2014-06-30T19:07:47.885Z
            </para>
            </summary>
        </member>
        <member name="P:Amazon.MobileAnalytics.Model.Event.Version">
            <summary>
            Gets and sets the property Version. 
            <para>
            The version of the event.
            </para>
            </summary>
        </member>
        <member name="T:Amazon.MobileAnalytics.Model.PutEventsRequest">
            <summary>
            Container for the parameters to the PutEvents operation.
            The PutEvents operation records one or more events. You can have up to 1,500 unique
            custom events per app, any combination of up to 40 attributes and metrics per custom
            event, and any number of attribute or metric values.
            </summary>
        </member>
        <member name="P:Amazon.MobileAnalytics.Model.PutEventsRequest.ClientContext">
            <summary>
            Gets and sets the property ClientContext. 
            <para>
            The client context including the client ID, app title, app version and package name.
            </para>
            </summary>
        </member>
        <member name="P:Amazon.MobileAnalytics.Model.PutEventsRequest.ClientContextEncoding">
            <summary>
            Gets and sets the property ClientContextEncoding. 
            <para>
            The encoding used for the client context.
            </para>
            </summary>
        </member>
        <member name="P:Amazon.MobileAnalytics.Model.PutEventsRequest.Events">
            <summary>
            Gets and sets the property Events. 
            <para>
            An array of Event JSON objects
            </para>
            </summary>
        </member>
        <member name="T:Amazon.MobileAnalytics.Model.PutEventsResponse">
            <summary>
            Empty class reserved for future use.
            </summary>
        </member>
        <member name="T:Amazon.MobileAnalytics.Model.Session">
            <summary>
            Describes the session. Session information is required on ALL events.
            </summary>
        </member>
        <member name="P:Amazon.MobileAnalytics.Model.Session.Duration">
            <summary>
            Gets and sets the property Duration. 
            <para>
            The duration of the session.
            </para>
            </summary>
        </member>
        <member name="P:Amazon.MobileAnalytics.Model.Session.Id">
            <summary>
            Gets and sets the property Id. 
            <para>
            A unique identifier for the session
            </para>
            </summary>
        </member>
        <member name="P:Amazon.MobileAnalytics.Model.Session.StartTimestamp">
            <summary>
            Gets and sets the property StartTimestamp. 
            <para>
            The time the event started in ISO 8601 standard date time format. For example, 2014-06-30T19:07:47.885Z
            </para>
            </summary>
        </member>
        <member name="P:Amazon.MobileAnalytics.Model.Session.StopTimestamp">
            <summary>
            Gets and sets the property StopTimestamp. 
            <para>
            The time the event terminated in ISO 8601 standard date time format. For example,
            2014-06-30T19:07:47.885Z
            </para>
            </summary>
        </member>
        <member name="T:Amazon.MobileAnalytics.Model.Internal.MarshallTransformations.EventMarshaller">
            <summary>
            Event Marshaller
            </summary>       
        </member>
        <member name="M:Amazon.MobileAnalytics.Model.Internal.MarshallTransformations.EventMarshaller.Marshall(Amazon.MobileAnalytics.Model.Event,Amazon.Runtime.Internal.Transform.JsonMarshallerContext)">
            <summary>
            Unmarshaller the response from the service to the response class.
            </summary>  
            <param name="requestObject"></param>
            <param name="context"></param>
            <returns></returns>
        </member>
        <member name="F:Amazon.MobileAnalytics.Model.Internal.MarshallTransformations.EventMarshaller.Instance">
            <summary>
            Singleton Marshaller.
            </summary>  
        </member>
        <member name="T:Amazon.MobileAnalytics.Model.Internal.MarshallTransformations.PutEventsRequestMarshaller">
            <summary>
            PutEvents Request Marshaller
            </summary>       
        </member>
        <member name="M:Amazon.MobileAnalytics.Model.Internal.MarshallTransformations.PutEventsRequestMarshaller.Marshall(Amazon.Runtime.AmazonWebServiceRequest)">
            <summary>
            Marshaller the request object to the HTTP request.
            </summary>  
            <param name="input"></param>
            <returns></returns>
        </member>
        <member name="M:Amazon.MobileAnalytics.Model.Internal.MarshallTransformations.PutEventsRequestMarshaller.Marshall(Amazon.MobileAnalytics.Model.PutEventsRequest)">
            <summary>
            Marshaller the request object to the HTTP request.
            </summary>  
            <param name="publicRequest"></param>
            <returns></returns>
        </member>
        <member name="T:Amazon.MobileAnalytics.Model.Internal.MarshallTransformations.PutEventsResponseUnmarshaller">
            <summary>
            Response Unmarshaller for PutEvents operation
            </summary>  
        </member>
        <member name="M:Amazon.MobileAnalytics.Model.Internal.MarshallTransformations.PutEventsResponseUnmarshaller.Unmarshall(Amazon.Runtime.Internal.Transform.JsonUnmarshallerContext)">
            <summary>
            Unmarshaller the response from the service to the response class.
            </summary>  
            <param name="context"></param>
            <returns></returns>
        </member>
        <member name="M:Amazon.MobileAnalytics.Model.Internal.MarshallTransformations.PutEventsResponseUnmarshaller.UnmarshallException(Amazon.Runtime.Internal.Transform.JsonUnmarshallerContext,System.Exception,System.Net.HttpStatusCode)">
            <summary>
            Unmarshaller error response to exception.
            </summary>  
            <param name="context"></param>
            <param name="innerException"></param>
            <param name="statusCode"></param>
            <returns></returns>
        </member>
        <member name="P:Amazon.MobileAnalytics.Model.Internal.MarshallTransformations.PutEventsResponseUnmarshaller.Instance">
            <summary>
            Gets the singleton.
            </summary>  
        </member>
        <member name="T:Amazon.MobileAnalytics.Model.Internal.MarshallTransformations.SessionMarshaller">
            <summary>
            Session Marshaller
            </summary>       
        </member>
        <member name="M:Amazon.MobileAnalytics.Model.Internal.MarshallTransformations.SessionMarshaller.Marshall(Amazon.MobileAnalytics.Model.Session,Amazon.Runtime.Internal.Transform.JsonMarshallerContext)">
            <summary>
            Unmarshaller the response from the service to the response class.
            </summary>  
            <param name="requestObject"></param>
            <param name="context"></param>
            <returns></returns>
        </member>
        <member name="F:Amazon.MobileAnalytics.Model.Internal.MarshallTransformations.SessionMarshaller.Instance">
            <summary>
            Singleton Marshaller.
            </summary>  
        </member>
        <member name="T:Amazon.MobileAnalytics.AmazonMobileAnalyticsClient">
             <summary>
             Implementation for accessing MobileAnalytics
            
             Amazon Mobile Analytics is a service for collecting, visualizing, and understanding
             app usage data at scale.
             </summary>
        </member>
        <member name="M:Amazon.MobileAnalytics.AmazonMobileAnalyticsClient.#ctor">
             <summary>
             Constructs AmazonMobileAnalyticsClient with the credentials loaded from the application's
             default configuration, and if unsuccessful from the Instance Profile service on an EC2 instance.
             
             Example App.config with credentials set. 
             <code>
             &lt;?xml version="1.0" encoding="utf-8" ?&gt;
             &lt;configuration&gt;
                 &lt;appSettings&gt;
                     &lt;add key="AWSProfileName" value="AWS Default"/&gt;
                 &lt;/appSettings&gt;
             &lt;/configuration&gt;
             </code>
            
             </summary>
        </member>
        <member name="M:Amazon.MobileAnalytics.AmazonMobileAnalyticsClient.#ctor(Amazon.RegionEndpoint)">
             <summary>
             Constructs AmazonMobileAnalyticsClient with the credentials loaded from the application's
             default configuration, and if unsuccessful from the Instance Profile service on an EC2 instance.
             
             Example App.config with credentials set. 
             <code>
             &lt;?xml version="1.0" encoding="utf-8" ?&gt;
             &lt;configuration&gt;
                 &lt;appSettings&gt;
                     &lt;add key="AWSProfileName" value="AWS Default"/&gt;
                 &lt;/appSettings&gt;
             &lt;/configuration&gt;
             </code>
            
             </summary>
             <param name="region">The region to connect.</param>
        </member>
        <member name="M:Amazon.MobileAnalytics.AmazonMobileAnalyticsClient.#ctor(Amazon.MobileAnalytics.AmazonMobileAnalyticsConfig)">
             <summary>
             Constructs AmazonMobileAnalyticsClient with the credentials loaded from the application's
             default configuration, and if unsuccessful from the Instance Profile service on an EC2 instance.
             
             Example App.config with credentials set. 
             <code>
             &lt;?xml version="1.0" encoding="utf-8" ?&gt;
             &lt;configuration&gt;
                 &lt;appSettings&gt;
                     &lt;add key="AWSProfileName" value="AWS Default"/&gt;
                 &lt;/appSettings&gt;
             &lt;/configuration&gt;
             </code>
            
             </summary>
             <param name="config">The AmazonMobileAnalyticsClient Configuration Object</param>
        </member>
        <member name="M:Amazon.MobileAnalytics.AmazonMobileAnalyticsClient.#ctor(Amazon.Runtime.AWSCredentials)">
            <summary>
            Constructs AmazonMobileAnalyticsClient with AWS Credentials
            </summary>
            <param name="credentials">AWS Credentials</param>
        </member>
        <member name="M:Amazon.MobileAnalytics.AmazonMobileAnalyticsClient.#ctor(Amazon.Runtime.AWSCredentials,Amazon.RegionEndpoint)">
            <summary>
            Constructs AmazonMobileAnalyticsClient with AWS Credentials
            </summary>
            <param name="credentials">AWS Credentials</param>
            <param name="region">The region to connect.</param>
        </member>
        <member name="M:Amazon.MobileAnalytics.AmazonMobileAnalyticsClient.#ctor(Amazon.Runtime.AWSCredentials,Amazon.MobileAnalytics.AmazonMobileAnalyticsConfig)">
            <summary>
            Constructs AmazonMobileAnalyticsClient with AWS Credentials and an
            AmazonMobileAnalyticsClient Configuration object.
            </summary>
            <param name="credentials">AWS Credentials</param>
            <param name="clientConfig">The AmazonMobileAnalyticsClient Configuration Object</param>
        </member>
        <member name="M:Amazon.MobileAnalytics.AmazonMobileAnalyticsClient.#ctor(System.String,System.String)">
            <summary>
            Constructs AmazonMobileAnalyticsClient with AWS Access Key ID and AWS Secret Key
            </summary>
            <param name="awsAccessKeyId">AWS Access Key ID</param>
            <param name="awsSecretAccessKey">AWS Secret Access Key</param>
        </member>
        <member name="M:Amazon.MobileAnalytics.AmazonMobileAnalyticsClient.#ctor(System.String,System.String,Amazon.RegionEndpoint)">
            <summary>
            Constructs AmazonMobileAnalyticsClient with AWS Access Key ID and AWS Secret Key
            </summary>
            <param name="awsAccessKeyId">AWS Access Key ID</param>
            <param name="awsSecretAccessKey">AWS Secret Access Key</param>
            <param name="region">The region to connect.</param>
        </member>
        <member name="M:Amazon.MobileAnalytics.AmazonMobileAnalyticsClient.#ctor(System.String,System.String,Amazon.MobileAnalytics.AmazonMobileAnalyticsConfig)">
            <summary>
            Constructs AmazonMobileAnalyticsClient with AWS Access Key ID, AWS Secret Key and an
            AmazonMobileAnalyticsClient Configuration object. 
            </summary>
            <param name="awsAccessKeyId">AWS Access Key ID</param>
            <param name="awsSecretAccessKey">AWS Secret Access Key</param>
            <param name="clientConfig">The AmazonMobileAnalyticsClient Configuration Object</param>
        </member>
        <member name="M:Amazon.MobileAnalytics.AmazonMobileAnalyticsClient.#ctor(System.String,System.String,System.String)">
            <summary>
            Constructs AmazonMobileAnalyticsClient with AWS Access Key ID and AWS Secret Key
            </summary>
            <param name="awsAccessKeyId">AWS Access Key ID</param>
            <param name="awsSecretAccessKey">AWS Secret Access Key</param>
            <param name="awsSessionToken">AWS Session Token</param>
        </member>
        <member name="M:Amazon.MobileAnalytics.AmazonMobileAnalyticsClient.#ctor(System.String,System.String,System.String,Amazon.RegionEndpoint)">
            <summary>
            Constructs AmazonMobileAnalyticsClient with AWS Access Key ID and AWS Secret Key
            </summary>
            <param name="awsAccessKeyId">AWS Access Key ID</param>
            <param name="awsSecretAccessKey">AWS Secret Access Key</param>
            <param name="awsSessionToken">AWS Session Token</param>
            <param name="region">The region to connect.</param>
        </member>
        <member name="M:Amazon.MobileAnalytics.AmazonMobileAnalyticsClient.#ctor(System.String,System.String,System.String,Amazon.MobileAnalytics.AmazonMobileAnalyticsConfig)">
            <summary>
            Constructs AmazonMobileAnalyticsClient with AWS Access Key ID, AWS Secret Key and an
            AmazonMobileAnalyticsClient Configuration object. 
            </summary>
            <param name="awsAccessKeyId">AWS Access Key ID</param>
            <param name="awsSecretAccessKey">AWS Secret Access Key</param>
            <param name="awsSessionToken">AWS Session Token</param>
            <param name="clientConfig">The AmazonMobileAnalyticsClient Configuration Object</param>
        </member>
        <member name="M:Amazon.MobileAnalytics.AmazonMobileAnalyticsClient.CreateSigner">
            <summary>
            Creates the signer for the service.
            </summary>
        </member>
        <member name="M:Amazon.MobileAnalytics.AmazonMobileAnalyticsClient.Dispose(System.Boolean)">
            <summary>
            Disposes the service client.
            </summary>
        </member>
        <member name="M:Amazon.MobileAnalytics.AmazonMobileAnalyticsClient.PutEvents(Amazon.MobileAnalytics.Model.PutEventsRequest)">
            <summary>
            The PutEvents operation records one or more events. You can have up to 1,500 unique
            custom events per app, any combination of up to 40 attributes and metrics per custom
            event, and any number of attribute or metric values.
            </summary>
            <param name="request">Container for the necessary parameters to execute the PutEvents service method.</param>
            
            <returns>The response from the PutEvents service method, as returned by MobileAnalytics.</returns>
            <exception cref="T:Amazon.MobileAnalytics.Model.BadRequestException">
            An exception object returned when a request fails.
            </exception>
        </member>
        <member name="M:Amazon.MobileAnalytics.AmazonMobileAnalyticsClient.PutEventsAsync(Amazon.MobileAnalytics.Model.PutEventsRequest,System.Threading.CancellationToken)">
            <summary>
            Initiates the asynchronous execution of the PutEvents operation.
            </summary>
            
            <param name="request">Container for the necessary parameters to execute the PutEvents operation.</param>
            <param name="cancellationToken">
                A cancellation token that can be used by other objects or threads to receive notice of cancellation.
            </param>
            <returns>The task object representing the asynchronous operation.</returns>
        </member>
        <member name="T:Amazon.MobileAnalytics.IAmazonMobileAnalytics">
             <summary>
             Interface for accessing MobileAnalytics
            
             Amazon Mobile Analytics is a service for collecting, visualizing, and understanding
             app usage data at scale.
             </summary>
        </member>
        <member name="M:Amazon.MobileAnalytics.IAmazonMobileAnalytics.PutEvents(Amazon.MobileAnalytics.Model.PutEventsRequest)">
            <summary>
            The PutEvents operation records one or more events. You can have up to 1,500 unique
            custom events per app, any combination of up to 40 attributes and metrics per custom
            event, and any number of attribute or metric values.
            </summary>
            <param name="request">Container for the necessary parameters to execute the PutEvents service method.</param>
            
            <returns>The response from the PutEvents service method, as returned by MobileAnalytics.</returns>
            <exception cref="T:Amazon.MobileAnalytics.Model.BadRequestException">
            An exception object returned when a request fails.
            </exception>
        </member>
        <member name="M:Amazon.MobileAnalytics.IAmazonMobileAnalytics.PutEventsAsync(Amazon.MobileAnalytics.Model.PutEventsRequest,System.Threading.CancellationToken)">
            <summary>
            Initiates the asynchronous execution of the PutEvents operation.
            </summary>
            
            <param name="request">Container for the necessary parameters to execute the PutEvents operation.</param>
            <param name="cancellationToken">
                A cancellation token that can be used by other objects or threads to receive notice of cancellation.
            </param>
            <returns>The task object representing the asynchronous operation.</returns>
        </member>
    </members>
</doc>
