﻿<?xml version="1.0" encoding="utf-8" ?>
<configuration>
  <accountName></accountName>
  <sipHost></sipHost>
  <sipUsername></sipUsername>
  <sipPassword></sipPassword>
  <captureAudioDeviceIndex>1</captureAudioDeviceIndex>
  <playbackAudioDeviceIndex>1</playbackAudioDeviceIndex>
  <outgoingCallAudioRecordingEnabled>false</outgoingCallAudioRecordingEnabled>
  <incomingCallAudioRecordingEnabled>false</incomingCallAudioRecordingEnabled>
  <outgoingCallPathAudioRecording>D:\Store\VoIP\Nequeo\Calls\Outgoing\OutgoingCall.wav</outgoingCallPathAudioRecording>
  <incomingCallPathAudioRecording>D:\Store\VoIP\Nequeo\Calls\Incoming\IncomingCall.wav</incomingCallPathAudioRecording>
  <contactFilePath>D:\Store\VoIP\Nequeo\Contact\contacts.txt</contactFilePath>
  <accountPort>5060</accountPort>
  <accountIsDefault>true</accountIsDefault>
  <accountPriority>1</accountPriority>
  <accountUseIPv6>false</accountUseIPv6>
  <accountUseSrtp>false</accountUseSrtp>
  <accountSrtpSecureSignaling>false</accountSrtpSecureSignaling>
  <accountDropCallsOnFail>true</accountDropCallsOnFail>
  <accountRegisterOnAdd>false</accountRegisterOnAdd>
  <accountNoIceRtcp>false</accountNoIceRtcp>
  <accountIceEnabled>false</accountIceEnabled>
  <accountAutoAnswerEnabled>false</accountAutoAnswerEnabled>
  <accountAutoAnswerWait>30</accountAutoAnswerWait>
  <accountMessageBankWait>30</accountMessageBankWait>
  <timeRetryInterval>10</timeRetryInterval>
  <timeFirstRetryInterval>10</timeFirstRetryInterval>
  <timeDelayBeforeRefresh>10</timeDelayBeforeRefresh>
  <timeTimeout>3000</timeTimeout>
  <timeUnregisterWait>30</timeUnregisterWait>
  <timerMinimumSession>90</timerMinimumSession>
  <timerSessionExpires>1800</timerSessionExpires>
  <publishEnabled>false</publishEnabled>
  <publishQueue>true</publishQueue>
  <publishShutdownWait>2000</publishShutdownWait>
  <mwiEnabled>true</mwiEnabled>
  <mwiExpiration>3600</mwiExpiration>
  <mediaTransportPort>0</mediaTransportPort>
  <mediaTransportPortRange>0</mediaTransportPortRange>
  <soundAudioDeviceIndex>0</soundAudioDeviceIndex>
  <soundIncomingCallFilePath>D:\Store\VoIP\Nequeo\Media\telephone-ring-04.mp3</soundIncomingCallFilePath>
  <soundInstantMessageFilePath>D:\Store\VoIP\Nequeo\Media\telephone-ring-03a.mp3</soundInstantMessageFilePath>
  <soundAutoAnswerFilePath>D:\Store\VoIP\Nequeo\Media\ringout.wav</soundAutoAnswerFilePath>
  <codecVideoEnabled>false</codecVideoEnabled>
  <codecVideoCaptureDeviceIndex>-1</codecVideoCaptureDeviceIndex>
  <codecVideoRenderDeviceIndex>-1</codecVideoRenderDeviceIndex>
  <featureRedirectCallEnabled>false</featureRedirectCallEnabled>
  <featureRedirectCallNumber></featureRedirectCallNumber>
  <featureRedirectCallAfter>40</featureRedirectCallAfter>
  <featureVideoBandwidthRate>0</featureVideoBandwidthRate>
</configuration>